"Rank","Name","Team","Pos","Pos","Avg","Sleeper","ESPN","Yahoo","Underdog"
"[object Object]","Jahmyr Gibbs","DET","RB","RB","1.02","1.02","1.01","1.01","1.01"
"[object Object]","Bijan Robinson","ATL","RB","RB","1.02","1.03","1.02","1.02","1.02"
"[object Object]","Ja'Marr Chase","CIN","WR","WR","1.04","1.04","1.04","1.03","1.03"
"[object Object]","Christian McCaffrey","SF","RB","RB","1.05","1.04","1.08","1.06","1.06"
"[object Object]","Puka Nacua","LAR","WR","WR","1.05","1.06","1.05","1.05","1.04"
"[object Object]","Jonathan Taylor","IND","RB","RB","1.06","1.05","1.07","1.07","1.08"
"[object Object]","Amon-Ra St. Brown","DET","WR","WR","1.08","1.08","1.08","1.08","1.07"
"[object Object]","Jaxon Smith-Njigba","SEA","WR","WR","1.08","1.09","1.06","1.07","1.06"
"[object Object]","James Cook III","BUF","RB","RB","1.09","1.08","1.11","1.10","1.10"
"[object Object]","Saquon Barkley","PHI","RB","RB","1.11","1.10","2.02","1.12","2.01"
"[object Object]","CeeDee Lamb","DAL","WR","WR","1.11","1.12","1.12","1.11","1.10"
"[object Object]","Justin Jefferson","MIN","WR","WR","2.01","2.01","2.01","2.01","1.11"
"[object Object]","De'Von Achane","MIA","RB","RB","2.02","2.02","1.12","2.03","2.05"
"[object Object]","Ashton Jeanty","LV","RB","RB","2.03","2.02","2.09","2.04","2.04"
"[object Object]","Kenneth Walker","KC","RB","RB","2.05","2.06","2.12","2.04","2.02"
"[object Object]","Chase Brown","CIN","RB","RB","2.05","2.06","2.06","2.04","2.02"
"[object Object]","Derrick Henry","BAL","RB","RB","2.05","2.05","2.05","2.06","2.05"
"[object Object]","Omarion Hampton","LAC","RB","RB","2.05","2.04","2.09","2.07","2.04"
"[object Object]","Drake London","ATL","WR","WR","2.08","2.09","2.08","2.07","2.11"
"[object Object]","Josh Allen","BUF","QB","QB","2.08","2.09","2.08","2.08","4.02"
"[object Object]","Brock Bowers","LV","TE","TE","2.10","2.10","2.12","2.09","2.08"
"[object Object]","A.J. Brown","NE","WR","WR","2.10","2.07","2.11","2.12","2.07"
"[object Object]","Nico Collins","HOU","WR","WR","2.11","2.11","3.02","2.10","2.10"
"[object Object]","George Pickens","DAL","WR","WR","2.11","2.12","3.05","2.10","2.12"
"[object Object]","Trey McBride","ARI","TE","TE","3.02","3.02","2.10","3.02","3.06"
"[object Object]","Kyren Williams","LAR","RB","RB","3.03","3.01","4.02","3.05","3.07"
"[object Object]","Jeremiyah Love","ARI","RB","RB","3.04","3.03","3.01","3.05","3.04"
"[object Object]","Malik Nabers","NYG","WR","WR","3.06","3.05","3.11","3.08","2.10"
"[object Object]","DeVonta Smith","PHI","WR","WR","3.08","3.10","4.02","3.06","3.04"
"[object Object]","Chris Olave","NO","WR","WR","3.08","3.07","3.06","3.08","3.03"
"[object Object]","Rashee Rice","KC","WR","WR","3.08","3.06","3.03","3.11","3.04"
"[object Object]","Breece Hall","NYJ","RB","RB","3.09","3.08","3.12","3.11","3.06"
"[object Object]","Javonte Williams","DAL","RB","RB","3.09","3.09","3.10","3.10","3.09"
"[object Object]","Josh Jacobs","GB","RB","RB","3.11","3.11","5.01","3.11","4.10"
"[object Object]","Tee Higgins","CIN","WR","WR","3.12","4.03","5.04","3.10","3.11"
"[object Object]","Lamar Jackson","BAL","QB","QB","4.01","3.11","3.12","4.02","5.09"
"[object Object]","Tetairoa McMillan","CAR","WR","WR","4.03","3.12","4.06","4.06","4.05"
"[object Object]","Zay Flowers","BAL","WR","WR","4.03","4.06","4.08","3.12","3.07"
"[object Object]","Cam Skattebo","NYG","RB","RB","4.04","4.01","4.09","4.06","4.10"
"[object Object]","Colston Loveland","CHI","TE","TE","4.06","4.08","4.07","4.04","4.07"
"[object Object]","Ladd McConkey","LAC","WR","WR","4.06","4.02","4.11","4.09","3.10"
"[object Object]","Travis Etienne Jr.","NO","RB","RB","4.06","4.05","4.07","4.07","4.04"
"[object Object]","Emeka Egbuka","TB","WR","WR","4.07","4.05","4.10","4.09","3.12"
"[object Object]","Jaylen Waddle","DEN","WR","WR","4.08","4.11","5.05","4.05","4.01"
"[object Object]","Garrett Wilson","NYJ","WR","WR","4.11","4.09","4.01","5.01","4.03"
"[object Object]","D'Andre Swift","CHI","RB","RB","4.12","4.12","5.08","4.11","4.08"
"[object Object]","David Montgomery","HOU","RB","RB","4.12","4.08","6.05","5.05","4.11"
"[object Object]","Tyler Warren","IND","TE","TE","5.01","5.03","5.04","4.11","6.03"
"[object Object]","Drake Maye","NE","QB","QB","5.01","5.03","4.11","4.11","6.07"
"[object Object]","Quinshon Judkins","CLE","RB","RB","5.03","5.01","5.03","5.05","5.07"
"[object Object]","Bucky Irving","TB","RB","RB","5.03","4.11","5.08","5.07","5.04"
"[object Object]","Joe Burrow","CIN","QB","QB","5.04","5.05","5.07","5.02","6.09"
"[object Object]","Terry McLaurin","WAS","WR","WR","5.06","5.05","6.01","5.06","5.01"
"[object Object]","Davante Adams","LAR","WR","WR","5.08","5.08","4.10","5.07","5.04"
"[object Object]","DJ Moore","BUF","WR","WR","5.09","5.04","6.02","6.01","5.05"
"[object Object]","Jalen Hurts","PHI","QB","QB","5.11","6.01","5.05","5.09","7.01"
"[object Object]","Luther Burden III","CHI","WR","WR","5.11","5.12","7.04","5.11","4.08"
"[object Object]","TreVeyon Henderson","NE","RB","RB","5.12","5.07","7.07","6.05","6.01"
"[object Object]","Bhayshul Tuten","JAX","RB","RB","6.01","5.12","6.05","6.02","5.02"
"[object Object]","Jadarian Price","SEA","RB","RB","6.01","5.09","6.11","6.05","5.11"
"[object Object]","Jayden Daniels","WAS","QB","QB","6.02","6.09","5.04","5.06","6.11"
"[object Object]","Jameson Williams","DET","WR","WR","6.02","5.11","6.05","6.06","5.02"
"[object Object]","Tucker Kraft","GB","TE","TE","6.03","6.06","8.07","6.01","7.05"
"[object Object]","Sam LaPorta","DET","TE","TE","6.04","6.05","6.12","6.03","8.06"
"[object Object]","Rome Odunze","CHI","WR","WR","6.05","6.03","6.05","6.07","5.10"
"[object Object]","Mike Evans","SF","WR","WR","6.05","6.02","8.04","6.08","5.05"
"[object Object]","Christian Watson","GB","WR","WR","6.07","6.06","8.07","6.08","5.09"
"[object Object]","Caleb Williams","CHI","QB","QB","6.11","7.03","8.08","6.08","7.02"
"[object Object]","Kyle Pitts Sr.","ATL","TE","TE","6.11","6.10","6.07","7.01","9.06"
"[object Object]","Jaylen Warren","PIT","RB","RB","7.01","6.09","8.07","7.05","6.10"
"[object Object]","Harold Fannin Jr.","CLE","TE","TE","7.02","7.05","6.12","6.11","9.09"
"[object Object]","Carnell Tate","TEN","WR","WR","7.02","6.08","7.05","7.09","6.03"
"[object Object]","Marvin Harrison Jr.","ARI","WR","WR","7.03","6.11","7.08","7.06","6.06"
"[object Object]","Justin Herbert","LAC","QB","QB","7.04","7.09","8.08","6.10","7.12"
"[object Object]","Parker Washington","JAX","WR","WR","7.04","6.11","8.07","7.08","5.07"
"[object Object]","Rhamondre Stevenson","NE","RB","RB","7.04","7.01","7.09","7.07","6.07"
"[object Object]","Dak Prescott","DAL","QB","QB","7.07","7.12","7.03","7.02","7.09"
"[object Object]","Brian Thomas Jr.","JAX","WR","WR","7.08","7.03","10.03","7.12","6.05"
"[object Object]","Tony Pollard","TEN","RB","RB","7.10","7.06","8.10","8.02","7.06"
"[object Object]","DK Metcalf","PIT","WR","WR","7.10","7.06","8.02","8.02","7.03"
"[object Object]","Chuba Hubbard","CAR","RB","RB","7.12","7.08","10.03","8.04","9.04"
"[object Object]","George Kittle","SF","TE","TE","8.01","8.02","7.08","8.01","10.04"
"[object Object]","Rico Dowdle","PIT","RB","RB","8.01","7.12","9.01","8.03","7.11"
"[object Object]","Jonathon Brooks","CAR","RB","RB","8.07","8.03","9.12","8.10","7.04"
"[object Object]","Trevor Lawrence","JAX","QB","QB","8.07","9.02","9.01","7.12","8.03"
"[object Object]","J.K. Dobbins","DEN","RB","RB","8.07","8.03","10.05","8.12","8.12"
"[object Object]","Courtland Sutton","DEN","WR","WR","8.08","7.08","7.09","9.08","7.11"
"[object Object]","Chris Godwin Jr.","TB","WR","WR","8.09","8.06","11.08","9.01","7.12"
"[object Object]","Travis Kelce","KC","TE","TE","8.10","8.09","8.11","8.10","11.04"
"[object Object]","RJ Harvey","DEN","RB","RB","8.10","7.10","11.09","9.10","8.04"
"[object Object]","Alec Pierce","IND","WR","WR","8.11","8.11","9.11","8.11","8.10"
"[object Object]","Dalton Kincaid","BUF","TE","TE","8.11","8.07","11.11","9.02","10.12"
"[object Object]","Blake Corum","LAR","RB","RB","8.12","8.08","11.09","9.03","8.03"
"[object Object]","Michael Wilson","ARI","WR","WR","8.12","8.06","9.06","9.06","8.08"
"[object Object]","Jaxson Dart","NYG","QB","QB","9.02","9.09","7.09","8.06","9.09"
"[object Object]","Jordyn Tyson","NO","WR","WR","9.04","9.08","14.12","9.01","8.07"
"[object Object]","Kyle Monangai","CHI","RB","RB","9.05","8.11","11.05","9.10","9.12"
"[object Object]","Matthew Stafford","LAR","QB","QB","9.07","9.10","8.05","9.04","10.04"
"[object Object]","Jacory Croskey-Merritt","WAS","RB","RB","9.07","9.02","12.03","10.01","9.04"
"[object Object]","Jordan Mason","MIN","RB","RB","9.09","8.12","12.07","10.06","8.12"
"[object Object]","Quentin Johnston","LAC","WR","WR","9.11","9.07","11.11","10.03","6.12"
"[object Object]","Bo Nix","DEN","QB","QB","9.12","10.09","9.01","9.03","9.11"
"[object Object]","Patrick Mahomes","KC","QB","QB","9.12","10.07","9.11","9.05","9.02"
"[object Object]","Stefon Diggs","WAS","WR","WR","10.01","10.04","10.01","9.09","8.11"
"[object Object]","Jordan Addison","MIN","WR","WR","10.01","9.05","10.11","10.08","8.05"
"[object Object]","Isaiah Likely","NYG","TE","TE","10.01","10.01","11.04","10.01","11.07"
"[object Object]","Jayden Reed","GB","WR","WR","10.02","9.06","12.04","10.10","7.06"
"[object Object]","Josh Downs","IND","WR","WR","10.03","10.06","12.05","9.12","7.11"
"[object Object]","Brock Purdy","SF","QB","QB","10.03","11.04","9.12","9.02","9.07"
"[object Object]","Michael Pittman Jr.","PIT","WR","WR","10.05","9.09","8.06","10.12","9.06"
"[object Object]","Kenny Gainwell","TB","RB","RB","10.05","9.12","9.10","10.11","10.01"
"[object Object]","Jake Ferguson","DAL","TE","TE","10.06","10.03","10.01","10.08","12.04"
"[object Object]","De'Zhaun Stribling","SF","WR","WR","10.06","10.10","12.11","10.02","9.12"
"[object Object]","Makai Lemon","PHI","WR","WR","10.06","-","12.03","10.06","7.10"
"[object Object]","Dallas Goedert","PHI","TE","TE","10.08","11.05","9.07","9.10","11.12"
"[object Object]","Aaron Rodgers","PIT","QB","QB","10.09","-","15.01","10.09","16.04"
"[object Object]","Mark Andrews","BAL","TE","TE","10.10","11.02","11.05","10.05","12.03"
"[object Object]","KC Concepcion","CLE","WR","WR","10.11","10.05","13.02","11.06","10.02"
"[object Object]","Aaron Jones Sr.","MIN","RB","RB","10.12","10.08","10.11","11.04","11.07"
"[object Object]","Rachaad White","WAS","RB","RB","11.03","11.04","11.08","11.03","10.11"
"[object Object]","Matthew Golden","GB","WR","WR","11.04","11.01","10.02","11.07","9.04"
"[object Object]","Pat Freiermuth","PIT","TE","TE","11.04","-","15.01","11.04","17.06"
"[object Object]","Wan'Dale Robinson","TEN","WR","WR","11.05","10.11","10.07","11.11","10.07"
"[object Object]","MarShawn Lloyd","GB","RB","RB","11.07","-","13.02","11.07","12.03"
"[object Object]","Xavier Worthy","KC","WR","WR","11.08","11.07","11.08","11.09","9.11"
"[object Object]","Jared Goff","DET","QB","QB","11.08","12.10","12.04","10.06","10.04"
"[object Object]","Chris Rodriguez Jr.","JAX","RB","RB","11.09","11.06","14.09","11.11","11.03"
"[object Object]","Jakobi Meyers","JAX","WR","WR","11.09","11.08","11.01","11.10","11.01"
"[object Object]","Deebo Samuel Sr.","SF","WR","WR","11.09","11.12","12.07","11.07","11.09"
"[object Object]","Mike Washington Jr.","LV","RB","RB","11.10","12.06","14.08","11.03","-"
"[object Object]","Romeo Doubs","NE","WR","WR","11.10","11.09","13.05","11.12","10.09"
"[object Object]","Tyler Allgeier","ARI","RB","RB","11.11","11.12","14.07","11.10","12.07"
"[object Object]","Kaelon Black","SF","RB","RB","11.11","-","-","11.11","16.06"
"[object Object]","Kyler Murray","MIN","QB","QB","11.11","13.06","12.09","10.04","10.06"
"[object Object]","Greg Dulcich","MIA","TE","TE","11.12","-","-","11.12","16.08"
"[object Object]","Woody Marks","HOU","RB","RB","12.04","12.09","13.07","11.11","12.05"
"[object Object]","Zach Charbonnet","SEA","RB","RB","12.05","12.11","13.10","11.10","14.08"
"[object Object]","Ja'Kobi Lane","BAL","WR","WR","12.05","13.05","15.01","11.06","13.05"
"[object Object]","Tyrone Tracy Jr.","NYG","RB","RB","12.06","13.02","-","11.11","14.06"
"[object Object]","Hunter Henry","NE","TE","TE","12.07","13.05","13.06","11.08","13.11"
"[object Object]","Jonah Coleman","DEN","RB","RB","12.07","13.03","15.01","11.10","12.11"
"[object Object]","Baker Mayfield","TB","QB","QB","12.08","13.09","13.02","11.06","11.03"
"[object Object]","Jalen Coker","CAR","WR","WR","12.08","13.02","13.12","12.01","11.10"
"[object Object]","Rashid Shaheed","SEA","WR","WR","12.08","13.07","14.03","11.08","12.03"
"[object Object]","Alvin Kamara","NO","RB","RB","12.09","13.12","14.04","11.06","17.05"
"[object Object]","Khalil Shakir","BUF","WR","WR","12.10","13.09","12.06","11.11","11.12"
"[object Object]","Oronde Gadsden","LAC","TE","TE","12.10","14.02","-","11.07","17.07"
"[object Object]","Jordan Love","GB","QB","QB","12.12","14.07","13.12","11.04","10.09"
"[object Object]","Tank Bigsby","PHI","RB","RB","13.02","14.05","15.02","11.10","13.08"
"[object Object]","Brian Robinson","ATL","RB","RB","13.03","15.05","14.11","11.01","16.04"
"[object Object]","Brenton Strange","JAX","TE","TE","13.04","14.11","14.12","11.09","13.07"
"[object Object]","Keaton Mitchell","LAC","RB","RB","13.04","14.09","15.01","11.12","11.10"
"[object Object]","Jalen Nailor","LV","WR","WR","13.05","14.12","-","11.10","13.11"
"[object Object]","Isiah Pacheco","DET","RB","RB","13.05","15.04","14.03","11.06","17.07"
"[object Object]","Denzel Boston","CLE","WR","WR","13.07","15.02","14.12","11.12","12.11"
"[object Object]","Tyjae Spears","TEN","RB","RB","13.08","15.02","13.05","12.01","13.11"
"[object Object]","Keenan Allen","IND","WR","WR","13.08","15.09","14.10","11.06","13.08"
"[object Object]","Juwan Johnson","NO","TE","TE","13.09","15.12","14.04","11.06","12.09"
"[object Object]","Sam Darnold","SEA","QB","QB","13.09","16.03","14.06","11.03","12.11"
"[object Object]","Fernando Mendoza","LV","QB","QB","13.09","16.07","14.12","10.11","16.12"
"[object Object]","T.J. Hockenson","MIN","TE","TE","14.01","16.05","13.02","11.09","14.12"
"[object Object]","Braelon Allen","NYJ","RB","RB","14.02","16.07","-","11.09","16.04"
"[object Object]","Emmett Johnson","KC","RB","RB","14.03","16.10","15.02","11.07","16.05"
"[object Object]","Malik Willis","MIA","QB","QB","14.03","17.02","14.11","11.05","12.02"
"[object Object]","Dontayvion Wicks","PHI","WR","WR","14.03","-","-","-","14.03"
"[object Object]","Kenyon Sadiq","NYJ","TE","TE","14.03","16.09","14.03","11.10","15.12"
"[object Object]","Tyler Shough","NO","QB","QB","14.03","16.09","13.09","11.10","11.07"
"[object Object]","Chig Okonkwo","WAS","TE","TE","14.05","17.03","-","11.07","13.05"
"[object Object]","AJ Barner","SEA","TE","TE","14.05","17.04","15.02","11.06","15.06"
"[object Object]","Cooper Kupp","SEA","WR","WR","14.06","17.12","15.01","11.01","18.08"
"[object Object]","Cyrus Allen","KC","WR","WR","14.11","-","15.02","-","14.07"
"[object Object]","Terrance Ferguson","LAR","TE","TE","14.11","18.02","14.12","11.07","13.12"
"[object Object]","Dalton Schultz","HOU","TE","TE","14.11","18.03","15.01","11.07","14.04"
"[object Object]","C.J. Stroud","HOU","QB","QB","14.11","18.05","14.09","11.05","13.05"
"[object Object]","Daniel Jones","IND","QB","QB","15.01","18.08","14.03","11.07","13.01"
"[object Object]","Jalen McMillan","TB","WR","WR","15.02","18.06","14.10","11.09","14.03"
"[object Object]","Jauan Jennings","MIN","WR","WR","15.03","18.12","-","11.06","15.09"
"[object Object]","Malik Washington","MIA","WR","WR","15.06","-","-","-","15.06"
"[object Object]","Travis Hunter","JAX","WR","WR","15.06","15.06","10.11","-","14.07"
"[object Object]","Jaydon Blue","","RB","RB","15.09","19.12","-","11.06","16.04"
"[object Object]","Bryce Young","CAR","QB","QB","15.10","20.07","15.01","11.02","14.11"
"[object Object]","Cam Ward","TEN","QB","QB","15.10","20.04","15.01","11.05","14.05"
"[object Object]","James Conner","ARI","RB","RB","15.11","20.04","-","11.06","18.12"
"[object Object]","Caleb Douglas","MIA","WR","WR","15.11","-","-","-","15.11"
"[object Object]","Isaac TeSlaa","DET","WR","WR","16.01","20.09","-","11.05","18.03"
"[object Object]","Tre Tucker","LV","WR","WR","16.03","16.03","15.01","-","13.06"
"[object Object]","Justice Hill","BAL","RB","RB","16.11","-","15.01","-","18.09"
"[object Object]","Geno Smith","NYJ","QB","QB","16.11","-","-","-","16.11"
"[object Object]","Tank Dell","HOU","WR","WR","16.12","16.12","14.05","-","16.11"
"[object Object]","Skyler Bell","BUF","WR","WR","16.12","-","15.02","-","18.11"
"[object Object]","Darnell Washington","PIT","TE","TE","17.01","-","15.02","-","18.11"
"[object Object]","Kirk Cousins","LV","QB","QB","17.01","-","15.02","-","18.11"
"[object Object]","Dawson Knox","BUF","TE","TE","17.01","-","15.02","-","18.12"
"[object Object]","Zavion Thomas","CHI","WR","WR","17.01","-","15.02","-","18.12"
"[object Object]","Elijah Arroyo","SEA","TE","TE","17.01","-","15.02","-","18.12"
"[object Object]","Cole Kmet","CHI","TE","TE","17.01","-","15.02","-","18.12"
"[object Object]","Noah Gray","KC","TE","TE","17.01","-","15.02","-","18.12"
"[object Object]","Ja'Tavion Sanders","CAR","TE","TE","17.01","-","15.02","-","18.12"
"[object Object]","Tommy Tremble","CAR","TE","TE","17.01","-","15.02","-","18.12"
"[object Object]","Dylan Sampson","CLE","RB","RB","17.04","17.04","15.01","-","15.01"
"[object Object]","Omar Cooper Jr.","NYJ","WR","WR","17.05","17.05","-","-","15.06"
"[object Object]","Kayshon Boutte","HOU","WR","WR","17.08","17.08","-","-","15.07"
"[object Object]","Malachi Fields","NYG","WR","WR","17.10","17.10","-","-","16.08"
"[object Object]","Ray Davis","BUF","RB","RB","18.05","18.05","-","-","16.06"
"[object Object]","Charlie Kolar","LAC","TE","TE","18.05","-","-","-","18.05"
"[object Object]","Darren Waller","CAR","TE","TE","18.06","-","-","-","18.06"
"[object Object]","Jerry Jeudy","CLE","WR","WR","18.08","18.08","14.12","-","18.01"
"[object Object]","Malik Davis","DAL","RB","RB","18.09","-","-","-","18.09"
"[object Object]","Nicholas Singleton","TEN","RB","RB","18.09","18.09","-","-","18.07"
"[object Object]","Evan Engram","DEN","TE","TE","18.10","-","-","-","18.10"
"[object Object]","Samaje Perine","CIN","RB","RB","18.10","-","-","-","18.10"
"[object Object]","DeMario Douglas","NE","WR","WR","18.10","-","-","-","18.10"
"[object Object]","Michael Mayer","LV","TE","TE","18.10","-","-","-","18.10"
"[object Object]","Tyquan Thornton","KC","WR","WR","18.11","-","-","-","18.11"
"[object Object]","Jordan James","SF","RB","RB","18.11","-","-","-","18.11"
"[object Object]","Zachariah Branch","ATL","WR","WR","18.11","18.11","-","-","17.08"
"[object Object]","Mike Gesicki","CIN","TE","TE","18.11","-","-","-","18.11"
"[object Object]","George Holani","SEA","RB","RB","18.11","-","-","-","18.11"
"[object Object]","Deshaun Watson","CLE","QB","QB","18.11","-","-","-","18.11"
"[object Object]","Andrei Iosivas","CIN","WR","WR","18.11","-","-","-","18.11"
"[object Object]","Jahan Dotson","ATL","WR","WR","18.12","-","-","-","18.12"
"[object Object]","Carson Beck","ARI","QB","QB","18.12","-","-","-","18.12"
"[object Object]","Bryce Lance","NO","WR","WR","18.12","-","-","-","18.12"
"[object Object]","Adam Randall","BAL","RB","RB","18.12","-","-","-","18.12"
"[object Object]","Darius Slayton","NYG","WR","WR","18.12","-","-","-","18.12"
"[object Object]","Chris Brooks","GB","RB","RB","18.12","-","-","-","18.12"
"[object Object]","Xavier Hutchinson","HOU","WR","WR","18.12","-","-","-","18.12"
"[object Object]","Xavier Legette","CAR","WR","WR","18.12","-","-","-","18.12"
"[object Object]","Malik Benson","LV","WR","WR","18.12","-","-","-","18.12"
"[object Object]","Kalif Raymond","CHI","WR","WR","18.12","-","-","-","18.12"
"[object Object]","Hollywood Brown","PHI","WR","WR","18.12","-","-","-","18.12"
"[object Object]","Jalen Tolbert","MIA","WR","WR","18.12","-","-","-","18.12"
"[object Object]","Tutu Atwell","LAR","WR","WR","18.12","-","-","-","18.12"
"[object Object]","Emari Demercado","","RB","RB","18.12","-","-","-","18.12"
"[object Object]","DJ Giddens","IND","RB","RB","18.12","-","-","-","18.12"
"[object Object]","Brenen Thompson","LAC","WR","WR","18.12","-","-","-","18.12"
"[object Object]","Mack Hollins","NE","WR","WR","18.12","-","-","-","18.12"
"[object Object]","Kendrick Bourne","ARI","WR","WR","18.12","-","-","-","18.12"
"[object Object]","Noah Fant","NO","TE","TE","18.12","-","-","-","18.12"
"[object Object]","Ty Johnson","BUF","RB","RB","18.12","-","-","-","18.12"
"[object Object]","Devin Singletary","NYG","RB","RB","18.12","-","-","-","18.12"
"[object Object]","Olamide Zaccheaus","ATL","WR","WR","18.12","-","-","-","18.12"
"[object Object]","AJ Dillon","CAR","RB","RB","18.12","-","-","-","18.12"
"[object Object]","Calvin Austin III","NYG","WR","WR","18.12","-","-","-","18.12"
"[object Object]","Treylon Burks","WAS","WR","WR","18.12","-","-","-","18.12"
"[object Object]","Luke Musgrave","GB","TE","TE","18.12","-","-","-","18.12"
"[object Object]","Cedric Tillman","","WR","WR","18.12","-","-","-","18.12"
"[object Object]","Devontez Walker","BAL","WR","WR","18.12","-","-","-","18.12"
"[object Object]","Ben Sinnott","WAS","TE","TE","18.12","-","-","-","18.12"
"[object Object]","Roman Wilson","PIT","WR","WR","18.12","-","-","-","18.12"
"[object Object]","Isaiah Davis","NYJ","RB","RB","18.12","-","-","-","18.12"
"[object Object]","Will Shipley","PHI","RB","RB","18.12","-","-","-","18.12"
"[object Object]","Jordan Whittington","LAR","WR","WR","18.12","-","-","-","18.12"
"[object Object]","Tez Johnson","TB","WR","WR","18.12","-","-","-","18.12"
"[object Object]","Trevor Etienne","CAR","RB","RB","18.12","-","-","-","18.12"
"[object Object]","Tahj Brooks","CIN","RB","RB","18.12","-","-","-","18.12"
"[object Object]","Ollie Gordon II","MIA","RB","RB","18.12","-","-","-","18.12"
"[object Object]","Oscar Delp","NO","TE","TE","18.12","-","-","-","18.12"
"[object Object]","Jaylin Lane","WAS","WR","WR","18.12","-","-","-","18.12"
"[object Object]","LeQuint Allen Jr.","JAX","RB","RB","18.12","-","-","-","18.12"
"[object Object]","Justin Joly","","TE","TE","18.12","-","-","-","18.12"
"[object Object]","Nate Boerkircher","JAX","TE","TE","18.12","-","-","-","18.12"
"[object Object]","Chris Bell","MIA","WR","WR","19.05","19.05","-","-","17.01"
"[object Object]","David Njoku","LAC","TE","TE","19.07","19.07","15.02","-","18.07"
"[object Object]","Pat Bryant","DEN","WR","WR","19.08","19.08","-","-","15.02"
"[object Object]","Adonai Mitchell","NYJ","WR","WR","19.11","19.11","-","-","14.12"
"[object Object]","Jaylen Wright","MIA","RB","RB","20.02","20.02","-","-","18.12"
"[object Object]","Tre' Harris","LAC","WR","WR","20.02","20.02","-","-","14.04"
"[object Object]","Kimani Vidal","LAC","RB","RB","20.06","20.06","-","-","18.04"
"[object Object]","Ryan Flournoy","DAL","WR","WR","20.08","20.08","-","-","15.02"
"[object Object]","Kaytron Allen","WAS","RB","RB","20.09","20.09","-","-","18.10"
"[object Object]","Antonio Williams","WAS","WR","WR","20.10","20.10","-","-","18.10"
"[object Object]","Ted Hurst III","TB","WR","WR","20.12","20.12","-","-","17.07"
"[object Object]","Germie Bernard","PIT","WR","WR","21.01","21.01","-","-","18.01"
"[object Object]","Keon Coleman","BUF","WR","WR","21.02","21.02","-","-","18.08"
"[object Object]","Demond Claiborne","MIN","RB","RB","21.04","21.04","-","-","18.11"
"[object Object]","Gunnar Helm","TEN","TE","TE","21.04","21.04","-","-","17.07"
"[object Object]","Cade Otton","TB","TE","TE","21.06","21.06","-","-","16.12"
"[object Object]","Eli Stowers","PHI","TE","TE","21.09","21.09","-","-","18.12"
"[object Object]","Sean Tucker","TB","RB","RB","21.09","21.09","-","-","18.09"
"[object Object]","Calvin Ridley","TEN","WR","WR","21.11","21.11","14.12","-","17.11"
"[object Object]","Jacoby Brissett","ARI","QB","QB","21.11","21.11","-","-","17.09"
"[object Object]","Jake Tonges","SF","TE","TE","22.01","22.01","-","-","18.12"
"[object Object]","Tua Tagovailoa","ATL","QB","QB","22.06","22.06","-","-","18.11"
"[object Object]","Darnell Mooney","NYG","WR","WR","22.07","22.07","-","-","18.11"
"[object Object]","Tory Horton","SEA","WR","WR","22.08","22.08","-","-","18.12"
"[object Object]","Colby Parkinson","LAR","TE","TE","22.10","22.10","-","-","18.09"
"[object Object]","Theo Johnson","NYG","TE","TE","22.11","22.11","-","-","18.12"
"[object Object]","Troy Franklin","DEN","WR","WR","22.12","22.12","-","-","18.11"
"[object Object]","Emanuel Wilson","SEA","RB","RB","23.02","23.02","-","-","18.12"
"[object Object]","Kaleb Johnson","GB","RB","RB","50.07","50.07","15.02","-","18.12"
"[object Object]","Najee Harris","NYG","RB","RB","55.09","55.09","-","-","17.08"
"[object Object]","Chimere Dike","TEN","WR","WR","55.10","55.10","15.02","-","18.12"
"[object Object]","Jaylin Noel","HOU","WR","WR","56.04","56.04","-","-","17.12"
"[object Object]","Mason Taylor","NYJ","TE","TE","56.08","56.08","-","-","18.12"
"[object Object]","Brashard Smith","KC","RB","RB","56.09","56.09","-","-","18.12"
"[object Object]","Jack Bech","LV","WR","WR","57.05","57.05","-","-","18.12"
"[object Object]","Devaughn Vele","NO","WR","WR","57.08","57.08","-","-","16.06"
"[object Object]","Shedeur Sanders","CLE","QB","QB","57.10","57.10","15.02","-","18.11"
"[object Object]","Kyle Williams","NE","WR","WR","57.12","57.12","-","-","18.10"
"[object Object]","Devin Neal","NO","RB","RB","58.02","58.02","-","-","18.12"
"[object Object]","Chris Brazzell II","CAR","WR","WR","58.05","58.05","-","-","18.12"
"[object Object]","Audric Estimé","NO","RB","RB","58.09","58.09","-","-","18.12"
"[object Object]","Christian Kirk","SF","WR","WR","58.09","58.09","15.02","-","18.12"
"[object Object]","Max Klare","LAR","TE","TE","58.10","58.10","-","-","18.12"
"[object Object]","Michael Penix Jr.","ATL","QB","QB","58.11","58.11","-","-","18.06"
"[object Object]","Elijah Sarratt","BAL","WR","WR","58.12","58.12","-","-","18.12"
"[object Object]","Elic Ayomanor","TEN","WR","WR","59.03","59.03","-","-","18.12"
"[object Object]","Marvin Mims Jr.","DEN","WR","WR","59.05","59.05","-","-","18.12"
"[object Object]","Rashod Bateman","BAL","WR","WR","59.05","59.05","-","-","18.07"
"[object Object]","Van Jefferson","","WR","WR","-","-","-","-","-"
"[object Object]","Jerome Ford","","RB","RB","-","-","-","-","-"
"[object Object]","Dont'e Thornton Jr.","LV","WR","WR","-","-","-","-","-"
"[object Object]","Marlin Klein","HOU","TE","TE","-","-","-","-","-"
"[object Object]","Kendrick Law","DET","WR","WR","-","-","-","-","-"